{"train/loss": 0.2019, "train/learning_rate": 6.231823847112589e-09, "train/epoch": 1.0, "train/global_step": 38512, "_timestamp": 1699724165, "_runtime": 866, "_step": 78, "eval/loss": 0.20657937228679657, "eval/accuracy": 0.9952287288944284, "eval/runtime": 97.1993, "eval/samples_per_second": 528.286, "eval/steps_per_second": 132.079, "train/train_runtime": 866.4625, "train/train_samples_per_second": 177.788, "train/train_steps_per_second": 44.447, "train/total_flos": 1793351811366528.0, "train/train_loss": 1.503150893003058, "_wandb": {"runtime": 884}}