{"train/loss": 1.4584, "train/learning_rate": 4.4870855364772994e-08, "train/epoch": 1.0, "train/global_step": 88699, "_timestamp": 1699727816, "_runtime": 2083, "_step": 178, "eval/loss": 1.4184274673461914, "eval/accuracy": 0.8343719612734114, "eval/runtime": 246.8404, "eval/samples_per_second": 479.115, "eval/steps_per_second": 119.782, "train/train_runtime": 2084.2849, "train/train_samples_per_second": 170.224, "train/train_steps_per_second": 42.556, "train/total_flos": 4576914309282342.0, "train/train_loss": 2.914131879932852, "_wandb": {"runtime": 2103}}